{"initial_reset_timestamp": 1545285471.7514384, "timestamps": [1545285474.4846325, 1545285477.3374207, 1545285478.6632056, 1545285480.2418375, 1545285481.76569, 1545285483.1224225, 1545285484.2995539, 1545285485.6893077, 1545285488.8563144], "episode_lengths": [3371, 3479, 3367, 4034, 3901, 3483, 3056, 3607, 3989], "episode_rewards": [-21.0, -20.0, -20.0, -20.0, -19.0, -20.0, -21.0, -20.0, -20.0], "episode_types": ["t", "t", "t", "t", "t", "t", "t", "t", "t", "t"]}